name,article site
Drake takes shots at Kendrick Lamar during surprise Kick stream with xQc,https://tribune.com.pk/story/2511752/drake-takes-shots-at-kendrick-lamar-during-surprise-kick-stream-with-xqc
I'm a Celebrity star Coleen Rooney recalls White House visit and Donald Trump's controversial remark,https://tribune.com.pk/story/2511751/im-a-celebrity-star-coleen-rooney-recalls-white-house-visit-and-donald-trumps-controversial-remark
Emma McKeon bows out: A legendary swim career ends,https://tribune.com.pk/story/2511749/emma-mckeon-bows-out-a-legendary-swim-career-ends
Taiwan’s baseball team makes history,https://tribune.com.pk/story/2511748/taiwans-baseball-team-makes-history
"Andy Samberg praises BTS Jungkook’s 'Standing Next to You,' fans celebrate global admiration",https://tribune.com.pk/story/2511747/andy-samberg-praises-bts-jungkooks-standing-next-to-you-fans-celebrate-global-admiration
Kurram rivals agree to cease fire for 7 days,https://tribune.com.pk/story/2511746/kurram-rivals-agree-to-cease-fire-for-7-days
Three more polio cases confirmed,https://tribune.com.pk/story/2511745/three-more-polio-cases-confirmed-1
China pushes to ease Pak-Afghan tensions,https://tribune.com.pk/story/2511744/china-pushes-to-ease-pak-afghan-tensions
PM tasks speakers to address PPP concerns,https://tribune.com.pk/story/2511743/pm-tasks-speakers-to-address-ppp-concerns
Defiant PTI marchers knock on capital door,https://tribune.com.pk/story/2511742/defiant-pti-marchers-knock-on-capital-door
Kit Connor shares update on the future of ‘Heartstopper’ season 4,https://tribune.com.pk/story/2511741/kit-connor-shares-update-on-the-future-of-heartstopper-season-4
"MrBeast addresses allegations in detailed interview with Oompaville, considers suing DogPack404",https://tribune.com.pk/story/2511754/mrbeast-addresses-allegations-in-detailed-interview-with-oompaville-considers-suing-dogpack404
